Format is tab separated raft settings.
_Name                          	Value
WindowPosition	700+0
Open File for Raft	
Activate Raft	True
Add Raft, Elevate Nozzle, Orbit:	True
None	True
Empty Layers Only	False
Everywhere	False
Exterior Only	False
Add support if flatter than (degrees):	50.0
Cross Hatch instead of Lines	False
Interface/Support Lines Density (ratio):	0.25
Interface/Support Layer Thickness over Layer Thickness:	1.0
Support Feed Rate mm/sec:	15.0
Support Flow Rate (scaler):	1.02
Support Gap over Perimeter Extrusion Width (ratio):	1.0
Raft/Support extension in (%):	0.0
Raft/Support extension in(mm):	2.0
Name of Support End File:	support_end.gmc
Name of Support Start File:	support_start.gmc
Extra Nozzle clearance over Object(ratio):	0.15
First Layer Main Feedrate (mm/s):	25.0
First Layer Perimeter Feedrate (mm/s):	19.0
First Layer Flow Rate Infill(scaler):	1.0
First Layer Flow Rate Perimeter(scaler):	1.0
First Layer Travel Feedrate:	70.0
Interface Layers (integer):	0
Interface Feed Rate Multiplier (ratio):	1.0
Interface Flow Rate Multiplier (ratio):	1.0
Interface Nozzle Lift over Interface Layer Thickness (ratio):	0.45
Base Layers (integer):	1
Base Feed Rate Multiplier (ratio):	0.5
Base Flow Rate Multiplier (ratio):	0.5
Base Infill Density (ratio):	0.5
Base Layer Thickness over Layer Thickness:	2.0
Base Nozzle Lift over Base Layer Thickness (ratio):	0.4
Initial Circling:	False
Infill Overhang over Extrusion Width (ratio):	3.0
